res_no,url_record
1,https://digitallibrary.un.org/record/280453?ln=en
2,https://digitallibrary.un.org/record/280454?ln=en
3,https://digitallibrary.un.org/record/280455?ln=en
4,https://digitallibrary.un.org/record/280456?ln=en
5,https://digitallibrary.un.org/record/280457?ln=en
6,https://digitallibrary.un.org/record/280458?ln=en
7,https://digitallibrary.un.org/record/280459?ln=en
8,https://digitallibrary.un.org/record/280460?ln=en
9,https://digitallibrary.un.org/record/280461?ln=en
10,https://digitallibrary.un.org/record/280462?ln=en
11,https://digitallibrary.un.org/record/280463?ln=en
12,https://digitallibrary.un.org/record/280464?ln=en
13,https://digitallibrary.un.org/record/280465?ln=en
14,https://digitallibrary.un.org/record/280466?ln=en
15,https://digitallibrary.un.org/record/280467?ln=en
16,https://digitallibrary.un.org/record/280468?ln=en
17,https://digitallibrary.un.org/record/280469?ln=en
18,https://digitallibrary.un.org/record/280470?ln=en
19,https://digitallibrary.un.org/record/280471?ln=en
20,https://digitallibrary.un.org/record/280472?ln=en
21,https://digitallibrary.un.org/record/280473?ln=en
22,https://digitallibrary.un.org/record/280474?ln=en
23,https://digitallibrary.un.org/record/280475?ln=en
24,https://digitallibrary.un.org/record/280476?ln=en
25,https://digitallibrary.un.org/record/280477?ln=en
26,https://digitallibrary.un.org/record/280478?ln=en
27,https://digitallibrary.un.org/record/280479?ln=en
28,https://digitallibrary.un.org/record/280480?ln=en
29,https://digitallibrary.un.org/record/280481?ln=en
30,https://digitallibrary.un.org/record/280482?ln=en
31,https://digitallibrary.un.org/record/280483?ln=en
32,https://digitallibrary.un.org/record/280484?ln=en
33,https://digitallibrary.un.org/record/280485?ln=en
34,https://digitallibrary.un.org/record/280486?ln=en
35,https://digitallibrary.un.org/record/280487?ln=en
36,https://digitallibrary.un.org/record/280488?ln=en
37,https://digitallibrary.un.org/record/280489?ln=en
38,https://digitallibrary.un.org/record/280490?ln=en
39,https://digitallibrary.un.org/record/280491?ln=en
40,https://digitallibrary.un.org/record/280493?ln=en
41,https://digitallibrary.un.org/record/280494?ln=en
42,https://digitallibrary.un.org/record/280495?ln=en
43,https://digitallibrary.un.org/record/280496?ln=en
44,https://digitallibrary.un.org/record/280497?ln=en
45,https://digitallibrary.un.org/record/280498?ln=en
46,https://digitallibrary.un.org/record/280499?ln=en
47,https://digitallibrary.un.org/record/280500?ln=en
48,https://digitallibrary.un.org/record/280501?ln=en
49,https://digitallibrary.un.org/record/280502?ln=en
50,https://digitallibrary.un.org/record/280503?ln=en
51,https://digitallibrary.un.org/record/280504?ln=en
52,https://digitallibrary.un.org/record/280505?ln=en
53,https://digitallibrary.un.org/record/280506?ln=en
54,https://digitallibrary.un.org/record/280507?ln=en
55,https://digitallibrary.un.org/record/280508?ln=en
56,https://digitallibrary.un.org/record/280509?ln=en
57,https://digitallibrary.un.org/record/280510?ln=en
58,https://digitallibrary.un.org/record/280511?ln=en
59,https://digitallibrary.un.org/record/280512?ln=en
60,https://digitallibrary.un.org/record/280513?ln=en
61,https://digitallibrary.un.org/record/280514?ln=en
62,https://digitallibrary.un.org/record/280515?ln=en
63,https://digitallibrary.un.org/record/280516?ln=en
64,https://digitallibrary.un.org/record/280517?ln=en
65,https://digitallibrary.un.org/record/280518?ln=en
66,https://digitallibrary.un.org/record/280519?ln=en
67,https://digitallibrary.un.org/record/280520?ln=en
68,https://digitallibrary.un.org/record/280521?ln=en
69,https://digitallibrary.un.org/record/280522?ln=en
70,https://digitallibrary.un.org/record/280523?ln=en
71,https://digitallibrary.un.org/record/280524?ln=en
72,https://digitallibrary.un.org/record/280525?ln=en
73,https://digitallibrary.un.org/record/280526?ln=en
74,https://digitallibrary.un.org/record/280527?ln=en
75,https://digitallibrary.un.org/record/280528?ln=en
76,https://digitallibrary.un.org/record/280529?ln=en
77,https://digitallibrary.un.org/record/280530?ln=en
78,https://digitallibrary.un.org/record/280531?ln=en
79,https://digitallibrary.un.org/record/280532?ln=en
80,https://digitallibrary.un.org/record/280533?ln=en
81,https://digitallibrary.un.org/record/280534?ln=en
82,https://digitallibrary.un.org/record/280535?ln=en
83,https://digitallibrary.un.org/record/280536?ln=en
84,https://digitallibrary.un.org/record/280537?ln=en
85,https://digitallibrary.un.org/record/280538?ln=en
86,https://digitallibrary.un.org/record/280539?ln=en
87,https://digitallibrary.un.org/record/280540?ln=en
88,https://digitallibrary.un.org/record/280541?ln=en
89,https://digitallibrary.un.org/record/280542?ln=en
90,https://digitallibrary.un.org/record/280543?ln=en
91,https://digitallibrary.un.org/record/280544?ln=en
92,https://digitallibrary.un.org/record/280545?ln=en
93,https://digitallibrary.un.org/record/280546?ln=en
94,https://digitallibrary.un.org/record/280547?ln=en
95,https://digitallibrary.un.org/record/280548?ln=en
96,https://digitallibrary.un.org/record/280549?ln=en
97,https://digitallibrary.un.org/record/280551?ln=en
98,https://digitallibrary.un.org/record/280552?ln=en
99,https://digitallibrary.un.org/record/280553?ln=en
100,https://digitallibrary.un.org/record/280555?ln=en
101,https://digitallibrary.un.org/record/280556?ln=en
102,https://digitallibrary.un.org/record/280557?ln=en
103,https://digitallibrary.un.org/record/280558?ln=en
104,https://digitallibrary.un.org/record/280559?ln=en
105,https://digitallibrary.un.org/record/280560?ln=en
106,https://digitallibrary.un.org/record/280561?ln=en
107,https://digitallibrary.un.org/record/280562?ln=en
108,https://digitallibrary.un.org/record/280563?ln=en
109,https://digitallibrary.un.org/record/280564?ln=en
110,https://digitallibrary.un.org/record/280565?ln=en
111,https://digitallibrary.un.org/record/280567?ln=en
112,https://digitallibrary.un.org/record/280568?ln=en
113,https://digitallibrary.un.org/record/280569?ln=en
114,https://digitallibrary.un.org/record/280570?ln=en
115,https://digitallibrary.un.org/record/280571?ln=en
116,https://digitallibrary.un.org/record/280572?ln=en
117,https://digitallibrary.un.org/record/280573?ln=en
118,https://digitallibrary.un.org/record/280574?ln=en
119,https://digitallibrary.un.org/record/280575?ln=en
120,https://digitallibrary.un.org/record/280576?ln=en
121,https://digitallibrary.un.org/record/280577?ln=en
122,https://digitallibrary.un.org/record/280578?ln=en
123,https://digitallibrary.un.org/record/280579?ln=en
124,https://digitallibrary.un.org/record/280580?ln=en
125,https://digitallibrary.un.org/record/280581?ln=en
126,https://digitallibrary.un.org/record/280582?ln=en
127,https://digitallibrary.un.org/record/280583?ln=en
128,https://digitallibrary.un.org/record/280584?ln=en
129,https://digitallibrary.un.org/record/280585?ln=en
130,https://digitallibrary.un.org/record/280586?ln=en
131,https://digitallibrary.un.org/record/280587?ln=en
132,https://digitallibrary.un.org/record/280588?ln=en
133,https://digitallibrary.un.org/record/280589?ln=en
134,https://digitallibrary.un.org/record/280590?ln=en
135,https://digitallibrary.un.org/record/280591?ln=en
136,https://digitallibrary.un.org/record/280592?ln=en
137,https://digitallibrary.un.org/record/280593?ln=en
138,https://digitallibrary.un.org/record/280594?ln=en
139,https://digitallibrary.un.org/record/280595?ln=en
140,https://digitallibrary.un.org/record/280596?ln=en
141,https://digitallibrary.un.org/record/280597?ln=en
142,https://digitallibrary.un.org/record/280598?ln=en
143,https://digitallibrary.un.org/record/280599?ln=en
144,https://digitallibrary.un.org/record/280600?ln=en
145,https://digitallibrary.un.org/record/280601?ln=en
146,https://digitallibrary.un.org/record/280602?ln=en
147,https://digitallibrary.un.org/record/280603?ln=en
148,https://digitallibrary.un.org/record/280604?ln=en
149,https://digitallibrary.un.org/record/280605?ln=en
150,https://digitallibrary.un.org/record/280606?ln=en
151,https://digitallibrary.un.org/record/280607?ln=en
152,https://digitallibrary.un.org/record/280608?ln=en
153,https://digitallibrary.un.org/record/280609?ln=en
154,https://digitallibrary.un.org/record/280610?ln=en
155,https://digitallibrary.un.org/record/280611?ln=en
156,https://digitallibrary.un.org/record/280612?ln=en
157,https://digitallibrary.un.org/record/280613?ln=en
158,https://digitallibrary.un.org/record/280614?ln=en
159,https://digitallibrary.un.org/record/280615?ln=en
160,https://digitallibrary.un.org/record/280616?ln=en
161,https://digitallibrary.un.org/record/280617?ln=en
162,https://digitallibrary.un.org/record/280618?ln=en
163,https://digitallibrary.un.org/record/280619?ln=en
164,https://digitallibrary.un.org/record/280620?ln=en
165,https://digitallibrary.un.org/record/280621?ln=en
166,https://digitallibrary.un.org/record/280622?ln=en
167,https://digitallibrary.un.org/record/280623?ln=en
168,https://digitallibrary.un.org/record/280624?ln=en
169,https://digitallibrary.un.org/record/280625?ln=en
170,https://digitallibrary.un.org/record/280626?ln=en
171,https://digitallibrary.un.org/record/280627?ln=en
172,https://digitallibrary.un.org/record/280628?ln=en
173,https://digitallibrary.un.org/record/280629?ln=en
174,https://digitallibrary.un.org/record/280630?ln=en
175,https://digitallibrary.un.org/record/280631?ln=en
176,https://digitallibrary.un.org/record/280632?ln=en
177,https://digitallibrary.un.org/record/280633?ln=en
178,https://digitallibrary.un.org/record/280634?ln=en
179,https://digitallibrary.un.org/record/280635?ln=en
180,https://digitallibrary.un.org/record/280636?ln=en
181,https://digitallibrary.un.org/record/280637?ln=en
182,https://digitallibrary.un.org/record/280638?ln=en
183,https://digitallibrary.un.org/record/280639?ln=en
184,https://digitallibrary.un.org/record/280640?ln=en
185,https://digitallibrary.un.org/record/280641?ln=en
186,https://digitallibrary.un.org/record/280642?ln=en
187,https://digitallibrary.un.org/record/280643?ln=en
188,https://digitallibrary.un.org/record/280644?ln=en
189,https://digitallibrary.un.org/record/280645?ln=en
190,https://digitallibrary.un.org/record/280646?ln=en
191,https://digitallibrary.un.org/record/280647?ln=en
192,https://digitallibrary.un.org/record/280648?ln=en
193,https://digitallibrary.un.org/record/280649?ln=en
194,https://digitallibrary.un.org/record/280650?ln=en
195,https://digitallibrary.un.org/record/280651?ln=en
196,https://digitallibrary.un.org/record/280652?ln=en
197,https://digitallibrary.un.org/record/280653?ln=en
198,https://digitallibrary.un.org/record/280654?ln=en
199,https://digitallibrary.un.org/record/280655?ln=en
200,https://digitallibrary.un.org/record/280433?ln=en
201,https://digitallibrary.un.org/record/280434?ln=en
202,https://digitallibrary.un.org/record/280435?ln=en
203,https://digitallibrary.un.org/record/280436?ln=en
204,https://digitallibrary.un.org/record/280437?ln=en
205,https://digitallibrary.un.org/record/280438?ln=en
206,https://digitallibrary.un.org/record/280439?ln=en
207,https://digitallibrary.un.org/record/280440?ln=en
208,https://digitallibrary.un.org/record/280441?ln=en
209,https://digitallibrary.un.org/record/280442?ln=en
210,https://digitallibrary.un.org/record/280443?ln=en
211,https://digitallibrary.un.org/record/280444?ln=en
212,https://digitallibrary.un.org/record/280445?ln=en
213,https://digitallibrary.un.org/record/280446?ln=en
214,https://digitallibrary.un.org/record/280447?ln=en
215,https://digitallibrary.un.org/record/280448?ln=en
216,https://digitallibrary.un.org/record/280449?ln=en
217,https://digitallibrary.un.org/record/280450?ln=en
218,https://digitallibrary.un.org/record/280451?ln=en
219,https://digitallibrary.un.org/record/280452?ln=en
220,https://digitallibrary.un.org/record/280420?ln=en
221,https://digitallibrary.un.org/record/280421?ln=en
222,https://digitallibrary.un.org/record/280422?ln=en
223,https://digitallibrary.un.org/record/280423?ln=en
224,https://digitallibrary.un.org/record/280424?ln=en
225,https://digitallibrary.un.org/record/280425?ln=en
226,https://digitallibrary.un.org/record/280426?ln=en
227,https://digitallibrary.un.org/record/280427?ln=en
228,https://digitallibrary.un.org/record/280428?ln=en
229,https://digitallibrary.un.org/record/280429?ln=en
230,https://digitallibrary.un.org/record/280430?ln=en
231,https://digitallibrary.un.org/record/280431?ln=en
232,https://digitallibrary.un.org/record/280432?ln=en
233,https://digitallibrary.un.org/record/280408?ln=en
234,https://digitallibrary.un.org/record/280409?ln=en
235,https://digitallibrary.un.org/record/280410?ln=en
236,https://digitallibrary.un.org/record/280411?ln=en
237,https://digitallibrary.un.org/record/280412?ln=en
238,https://digitallibrary.un.org/record/280413?ln=en
239,https://digitallibrary.un.org/record/280414?ln=en
240,https://digitallibrary.un.org/record/280415?ln=en
241,https://digitallibrary.un.org/record/280416?ln=en
242,https://digitallibrary.un.org/record/280417?ln=en
243,https://digitallibrary.un.org/record/280418?ln=en
244,https://digitallibrary.un.org/record/280419?ln=en
245,https://digitallibrary.un.org/record/280390?ln=en
246,https://digitallibrary.un.org/record/280391?ln=en
247,https://digitallibrary.un.org/record/280392?ln=en
248,https://digitallibrary.un.org/record/280393?ln=en
249,https://digitallibrary.un.org/record/280394?ln=en
250,https://digitallibrary.un.org/record/280395?ln=en
251,https://digitallibrary.un.org/record/280396?ln=en
252,https://digitallibrary.un.org/record/280397?ln=en
253,https://digitallibrary.un.org/record/280398?ln=en
254,https://digitallibrary.un.org/record/280399?ln=en
255,https://digitallibrary.un.org/record/280400?ln=en
256,https://digitallibrary.un.org/record/280401?ln=en
257,https://digitallibrary.un.org/record/280402?ln=en
258,https://digitallibrary.un.org/record/280403?ln=en
259,https://digitallibrary.un.org/record/280404?ln=en
260,https://digitallibrary.un.org/record/280405?ln=en
261,https://digitallibrary.un.org/record/280406?ln=en
262,https://digitallibrary.un.org/record/280407?ln=en
263,https://digitallibrary.un.org/record/280377?ln=en
264,https://digitallibrary.un.org/record/280378?ln=en
265,https://digitallibrary.un.org/record/280379?ln=en
266,https://digitallibrary.un.org/record/280380?ln=en
267,https://digitallibrary.un.org/record/280381?ln=en
268,https://digitallibrary.un.org/record/280382?ln=en
269,https://digitallibrary.un.org/record/280383?ln=en
270,https://digitallibrary.un.org/record/280384?ln=en
271,https://digitallibrary.un.org/record/280385?ln=en
272,https://digitallibrary.un.org/record/280386?ln=en
273,https://digitallibrary.un.org/record/280387?ln=en
274,https://digitallibrary.un.org/record/280388?ln=en
275,https://digitallibrary.un.org/record/280389?ln=en
276,https://digitallibrary.un.org/record/280361?ln=en
277,https://digitallibrary.un.org/record/280362?ln=en
278,https://digitallibrary.un.org/record/280363?ln=en
279,https://digitallibrary.un.org/record/280364?ln=en
280,https://digitallibrary.un.org/record/280365?ln=en
281,https://digitallibrary.un.org/record/280366?ln=en
282,https://digitallibrary.un.org/record/280367?ln=en
283,https://digitallibrary.un.org/record/280368?ln=en
284,https://digitallibrary.un.org/record/280369?ln=en
285,https://digitallibrary.un.org/record/280370?ln=en
286,https://digitallibrary.un.org/record/280371?ln=en
287,https://digitallibrary.un.org/record/280372?ln=en
288,https://digitallibrary.un.org/record/280373?ln=en
289,https://digitallibrary.un.org/record/280374?ln=en
290,https://digitallibrary.un.org/record/280375?ln=en
291,https://digitallibrary.un.org/record/280376?ln=en
292,https://digitallibrary.un.org/record/280345?ln=en
293,https://digitallibrary.un.org/record/280346?ln=en
294,https://digitallibrary.un.org/record/280347?ln=en
295,https://digitallibrary.un.org/record/280348?ln=en
296,https://digitallibrary.un.org/record/280349?ln=en
297,https://digitallibrary.un.org/record/280350?ln=en
298,https://digitallibrary.un.org/record/280351?ln=en
299,https://digitallibrary.un.org/record/280352?ln=en
300,https://digitallibrary.un.org/record/280353?ln=en
301,https://digitallibrary.un.org/record/280354?ln=en
302,https://digitallibrary.un.org/record/280355?ln=en
303,https://digitallibrary.un.org/record/280356?ln=en
304,https://digitallibrary.un.org/record/280357?ln=en
305,https://digitallibrary.un.org/record/280358?ln=en
306,https://digitallibrary.un.org/record/280359?ln=en
307,https://digitallibrary.un.org/record/280360?ln=en
308,https://digitallibrary.un.org/record/280328?ln=en
309,https://digitallibrary.un.org/record/280329?ln=en
310,https://digitallibrary.un.org/record/280330?ln=en
311,https://digitallibrary.un.org/record/280331?ln=en
312,https://digitallibrary.un.org/record/280332?ln=en
313,https://digitallibrary.un.org/record/280333?ln=en
314,https://digitallibrary.un.org/record/280334?ln=en
315,https://digitallibrary.un.org/record/280335?ln=en
316,https://digitallibrary.un.org/record/280336?ln=en
317,https://digitallibrary.un.org/record/280337?ln=en
318,https://digitallibrary.un.org/record/280338?ln=en
319,https://digitallibrary.un.org/record/280339?ln=en
320,https://digitallibrary.un.org/record/280340?ln=en
321,https://digitallibrary.un.org/record/280341?ln=en
322,https://digitallibrary.un.org/record/280342?ln=en
323,https://digitallibrary.un.org/record/280343?ln=en
324,https://digitallibrary.un.org/record/280344?ln=en
325,https://digitallibrary.un.org/record/280308?ln=en
326,https://digitallibrary.un.org/record/280309?ln=en
327,https://digitallibrary.un.org/record/280310?ln=en
328,https://digitallibrary.un.org/record/280311?ln=en
329,https://digitallibrary.un.org/record/280312?ln=en
330,https://digitallibrary.un.org/record/280313?ln=en
331,https://digitallibrary.un.org/record/280314?ln=en
332,https://digitallibrary.un.org/record/280315?ln=en
333,https://digitallibrary.un.org/record/280316?ln=en
334,https://digitallibrary.un.org/record/280317?ln=en
335,https://digitallibrary.un.org/record/280318?ln=en
336,https://digitallibrary.un.org/record/280319?ln=en
337,https://digitallibrary.un.org/record/280320?ln=en
338,https://digitallibrary.un.org/record/280321?ln=en
339,https://digitallibrary.un.org/record/280322?ln=en
340,https://digitallibrary.un.org/record/280323?ln=en
341,https://digitallibrary.un.org/record/280324?ln=en
342,https://digitallibrary.un.org/record/280325?ln=en
343,https://digitallibrary.un.org/record/280326?ln=en
344,https://digitallibrary.un.org/record/280327?ln=en
345,https://digitallibrary.un.org/record/280286?ln=en
346,https://digitallibrary.un.org/record/280287?ln=en
347,https://digitallibrary.un.org/record/280288?ln=en
348,https://digitallibrary.un.org/record/280289?ln=en
349,https://digitallibrary.un.org/record/280290?ln=en
350,https://digitallibrary.un.org/record/280291?ln=en
351,https://digitallibrary.un.org/record/280292?ln=en
352,https://digitallibrary.un.org/record/280293?ln=en
353,https://digitallibrary.un.org/record/280294?ln=en
354,https://digitallibrary.un.org/record/280295?ln=en
355,https://digitallibrary.un.org/record/280296?ln=en
356,https://digitallibrary.un.org/record/280297?ln=en
357,https://digitallibrary.un.org/record/280298?ln=en
358,https://digitallibrary.un.org/record/280299?ln=en
359,https://digitallibrary.un.org/record/280300?ln=en
360,https://digitallibrary.un.org/record/280301?ln=en
361,https://digitallibrary.un.org/record/280302?ln=en
362,https://digitallibrary.un.org/record/280303?ln=en
363,https://digitallibrary.un.org/record/280304?ln=en
364,https://digitallibrary.un.org/record/280305?ln=en
365,https://digitallibrary.un.org/record/280306?ln=en
366,https://digitallibrary.un.org/record/280307?ln=en
367,https://digitallibrary.un.org/record/280268?ln=en
368,https://digitallibrary.un.org/record/280269?ln=en
369,https://digitallibrary.un.org/record/280270?ln=en
370,https://digitallibrary.un.org/record/280271?ln=en
371,https://digitallibrary.un.org/record/280272?ln=en
372,https://digitallibrary.un.org/record/280273?ln=en
373,https://digitallibrary.un.org/record/280274?ln=en
374,https://digitallibrary.un.org/record/280275?ln=en
375,https://digitallibrary.un.org/record/280276?ln=en
376,https://digitallibrary.un.org/record/280277?ln=en
377,https://digitallibrary.un.org/record/280278?ln=en
378,https://digitallibrary.un.org/record/280279?ln=en
379,https://digitallibrary.un.org/record/280280?ln=en
380,https://digitallibrary.un.org/record/280281?ln=en
381,https://digitallibrary.un.org/record/280282?ln=en
382,https://digitallibrary.un.org/record/280283?ln=en
383,https://digitallibrary.un.org/record/280284?ln=en
384,https://digitallibrary.un.org/record/280285?ln=en
385,https://digitallibrary.un.org/record/280250?ln=en
386,https://digitallibrary.un.org/record/280251?ln=en
387,https://digitallibrary.un.org/record/280252?ln=en
388,https://digitallibrary.un.org/record/280253?ln=en
389,https://digitallibrary.un.org/record/280254?ln=en
390,https://digitallibrary.un.org/record/280255?ln=en
391,https://digitallibrary.un.org/record/280256?ln=en
392,https://digitallibrary.un.org/record/280257?ln=en
393,https://digitallibrary.un.org/record/280258?ln=en
394,https://digitallibrary.un.org/record/280259?ln=en
395,https://digitallibrary.un.org/record/280260?ln=en
396,https://digitallibrary.un.org/record/280261?ln=en
397,https://digitallibrary.un.org/record/280262?ln=en
398,https://digitallibrary.un.org/record/280263?ln=en
399,https://digitallibrary.un.org/record/280264?ln=en
400,https://digitallibrary.un.org/record/280265?ln=en
401,https://digitallibrary.un.org/record/280266?ln=en
402,https://digitallibrary.un.org/record/280267?ln=en
403,https://digitallibrary.un.org/record/280230?ln=en
404,https://digitallibrary.un.org/record/280231?ln=en
405,https://digitallibrary.un.org/record/280232?ln=en
406,https://digitallibrary.un.org/record/280233?ln=en
407,https://digitallibrary.un.org/record/280234?ln=en
408,https://digitallibrary.un.org/record/280235?ln=en
409,https://digitallibrary.un.org/record/280236?ln=en
410,https://digitallibrary.un.org/record/280237?ln=en
411,https://digitallibrary.un.org/record/280238?ln=en
412,https://digitallibrary.un.org/record/280239?ln=en
413,https://digitallibrary.un.org/record/280240?ln=en
414,https://digitallibrary.un.org/record/280241?ln=en
415,https://digitallibrary.un.org/record/280242?ln=en
416,https://digitallibrary.un.org/record/280243?ln=en
417,https://digitallibrary.un.org/record/280244?ln=en
418,https://digitallibrary.un.org/record/280245?ln=en
419,https://digitallibrary.un.org/record/280246?ln=en
420,https://digitallibrary.un.org/record/280247?ln=en
421,https://digitallibrary.un.org/record/280248?ln=en
422,https://digitallibrary.un.org/record/280249?ln=en
423,https://digitallibrary.un.org/record/280209?ln=en
424,https://digitallibrary.un.org/record/280210?ln=en
425,https://digitallibrary.un.org/record/280211?ln=en
426,https://digitallibrary.un.org/record/280212?ln=en
427,https://digitallibrary.un.org/record/280213?ln=en
428,https://digitallibrary.un.org/record/280214?ln=en
429,https://digitallibrary.un.org/record/280215?ln=en
430,https://digitallibrary.un.org/record/280216?ln=en
431,https://digitallibrary.un.org/record/280217?ln=en
432,https://digitallibrary.un.org/record/280218?ln=en
433,https://digitallibrary.un.org/record/280219?ln=en
434,https://digitallibrary.un.org/record/280220?ln=en
435,https://digitallibrary.un.org/record/280221?ln=en
436,https://digitallibrary.un.org/record/280222?ln=en
437,https://digitallibrary.un.org/record/280223?ln=en
438,https://digitallibrary.un.org/record/280224?ln=en
439,https://digitallibrary.un.org/record/280225?ln=en
440,https://digitallibrary.un.org/record/280226?ln=en
441,https://digitallibrary.un.org/record/280227?ln=en
442,https://digitallibrary.un.org/record/280228?ln=en
443,https://digitallibrary.un.org/record/280229?ln=en
444,https://digitallibrary.un.org/record/280191?ln=en
445,https://digitallibrary.un.org/record/280192?ln=en
446,https://digitallibrary.un.org/record/280193?ln=en
447,https://digitallibrary.un.org/record/280194?ln=en
448,https://digitallibrary.un.org/record/280195?ln=en
449,https://digitallibrary.un.org/record/280196?ln=en
450,https://digitallibrary.un.org/record/280197?ln=en
451,https://digitallibrary.un.org/record/280198?ln=en
452,https://digitallibrary.un.org/record/280199?ln=en
453,https://digitallibrary.un.org/record/280200?ln=en
454,https://digitallibrary.un.org/record/280201?ln=en
455,https://digitallibrary.un.org/record/280202?ln=en
456,https://digitallibrary.un.org/record/280203?ln=en
457,https://digitallibrary.un.org/record/280204?ln=en
458,https://digitallibrary.un.org/record/280205?ln=en
459,https://digitallibrary.un.org/record/280206?ln=en
460,https://digitallibrary.un.org/record/280207?ln=en
461,https://digitallibrary.un.org/record/280208?ln=en
462,https://digitallibrary.un.org/record/280168?ln=en
463,https://digitallibrary.un.org/record/280169?ln=en
464,https://digitallibrary.un.org/record/280170?ln=en
465,https://digitallibrary.un.org/record/280171?ln=en
466,https://digitallibrary.un.org/record/280172?ln=en
467,https://digitallibrary.un.org/record/280173?ln=en
468,https://digitallibrary.un.org/record/280174?ln=en
469,https://digitallibrary.un.org/record/280175?ln=en
470,https://digitallibrary.un.org/record/280176?ln=en
471,https://digitallibrary.un.org/record/280177?ln=en
472,https://digitallibrary.un.org/record/280178?ln=en
473,https://digitallibrary.un.org/record/280179?ln=en
474,https://digitallibrary.un.org/record/280180?ln=en
475,https://digitallibrary.un.org/record/280181?ln=en
476,https://digitallibrary.un.org/record/280182?ln=en
477,https://digitallibrary.un.org/record/280183?ln=en
478,https://digitallibrary.un.org/record/280184?ln=en
479,https://digitallibrary.un.org/record/280185?ln=en
480,https://digitallibrary.un.org/record/280186?ln=en
481,https://digitallibrary.un.org/record/280187?ln=en
482,https://digitallibrary.un.org/record/280188?ln=en
483,https://digitallibrary.un.org/record/280189?ln=en
484,https://digitallibrary.un.org/record/280190?ln=en
485,https://digitallibrary.un.org/record/280153?ln=en
486,https://digitallibrary.un.org/record/280154?ln=en
487,https://digitallibrary.un.org/record/280155?ln=en
488,https://digitallibrary.un.org/record/280156?ln=en
489,https://digitallibrary.un.org/record/280157?ln=en
490,https://digitallibrary.un.org/record/280158?ln=en
491,https://digitallibrary.un.org/record/280159?ln=en
492,https://digitallibrary.un.org/record/280160?ln=en
493,https://digitallibrary.un.org/record/280161?ln=en
494,https://digitallibrary.un.org/record/280162?ln=en
495,https://digitallibrary.un.org/record/280163?ln=en
496,https://digitallibrary.un.org/record/280164?ln=en
497,https://digitallibrary.un.org/record/280165?ln=en
498,https://digitallibrary.un.org/record/280166?ln=en
499,https://digitallibrary.un.org/record/280167?ln=en
500,https://digitallibrary.un.org/record/278787?ln=en
501,https://digitallibrary.un.org/record/278788?ln=en
502,https://digitallibrary.un.org/record/278789?ln=en
503,https://digitallibrary.un.org/record/278790?ln=en
504,https://digitallibrary.un.org/record/278791?ln=en
505,https://digitallibrary.un.org/record/278792?ln=en
506,https://digitallibrary.un.org/record/278793?ln=en
507,https://digitallibrary.un.org/record/278794?ln=en
508,https://digitallibrary.un.org/record/278795?ln=en
509,https://digitallibrary.un.org/record/278796?ln=en
510,https://digitallibrary.un.org/record/278797?ln=en
511,https://digitallibrary.un.org/record/278798?ln=en
512,https://digitallibrary.un.org/record/278799?ln=en
513,https://digitallibrary.un.org/record/278800?ln=en
514,https://digitallibrary.un.org/record/278801?ln=en
515,https://digitallibrary.un.org/record/278802?ln=en
516,https://digitallibrary.un.org/record/278803?ln=en
517,https://digitallibrary.un.org/record/278804?ln=en
518,https://digitallibrary.un.org/record/278805?ln=en
519,https://digitallibrary.un.org/record/278806?ln=en
520,https://digitallibrary.un.org/record/278807?ln=en
521,https://digitallibrary.un.org/record/278808?ln=en
522,https://digitallibrary.un.org/record/278809?ln=en
523,https://digitallibrary.un.org/record/278810?ln=en
524,https://digitallibrary.un.org/record/278811?ln=en
525,https://digitallibrary.un.org/record/278812?ln=en
526,https://digitallibrary.un.org/record/278813?ln=en
527,https://digitallibrary.un.org/record/278814?ln=en
528,https://digitallibrary.un.org/record/278815?ln=en
529,https://digitallibrary.un.org/record/278817?ln=en
530,https://digitallibrary.un.org/record/278818?ln=en
531,https://digitallibrary.un.org/record/278820?ln=en
532,https://digitallibrary.un.org/record/278821?ln=en
533,https://digitallibrary.un.org/record/278822?ln=en
534,https://digitallibrary.un.org/record/278823?ln=en
535,https://digitallibrary.un.org/record/278824?ln=en
536,https://digitallibrary.un.org/record/278825?ln=en
537,https://digitallibrary.un.org/record/278826?ln=en
538,https://digitallibrary.un.org/record/278827?ln=en
539,https://digitallibrary.un.org/record/278828?ln=en
540,https://digitallibrary.un.org/record/278829?ln=en
541,https://digitallibrary.un.org/record/278830?ln=en
542,https://digitallibrary.un.org/record/278831?ln=en
543,https://digitallibrary.un.org/record/278832?ln=en
544,https://digitallibrary.un.org/record/278833?ln=en
545,https://digitallibrary.un.org/record/278834?ln=en
546,https://digitallibrary.un.org/record/279755?ln=en
547,https://digitallibrary.un.org/record/279756?ln=en
548,https://digitallibrary.un.org/record/279757?ln=en
549,https://digitallibrary.un.org/record/279758?ln=en
550,https://digitallibrary.un.org/record/279759?ln=en
551,https://digitallibrary.un.org/record/279760?ln=en
552,https://digitallibrary.un.org/record/279761?ln=en
553,https://digitallibrary.un.org/record/279762?ln=en
554,https://digitallibrary.un.org/record/279763?ln=en
555,https://digitallibrary.un.org/record/279764?ln=en
556,https://digitallibrary.un.org/record/279765?ln=en
557,https://digitallibrary.un.org/record/279766?ln=en
558,https://digitallibrary.un.org/record/279767?ln=en
559,https://digitallibrary.un.org/record/279768?ln=en
560,https://digitallibrary.un.org/record/279769?ln=en
561,https://digitallibrary.un.org/record/279770?ln=en
562,https://digitallibrary.un.org/record/279771?ln=en
563,https://digitallibrary.un.org/record/279772?ln=en
564,https://digitallibrary.un.org/record/279773?ln=en
565,https://digitallibrary.un.org/record/279774?ln=en
566,https://digitallibrary.un.org/record/279775?ln=en
567,https://digitallibrary.un.org/record/279776?ln=en
568,https://digitallibrary.un.org/record/279777?ln=en
569,https://digitallibrary.un.org/record/279778?ln=en
570,https://digitallibrary.un.org/record/279779?ln=en
571,https://digitallibrary.un.org/record/279780?ln=en
572,https://digitallibrary.un.org/record/279781?ln=en
573,https://digitallibrary.un.org/record/279782?ln=en
574,https://digitallibrary.un.org/record/279783?ln=en
575,https://digitallibrary.un.org/record/279784?ln=en
576,https://digitallibrary.un.org/record/279785?ln=en
577,https://digitallibrary.un.org/record/279917?ln=en
578,https://digitallibrary.un.org/record/279918?ln=en
579,https://digitallibrary.un.org/record/279919?ln=en
580,https://digitallibrary.un.org/record/279920?ln=en
581,https://digitallibrary.un.org/record/280656?ln=en
582,https://digitallibrary.un.org/record/280657?ln=en
583,https://digitallibrary.un.org/record/280658?ln=en
584,https://digitallibrary.un.org/record/280659?ln=en
585,https://digitallibrary.un.org/record/280660?ln=en
586,https://digitallibrary.un.org/record/280661?ln=en
587,https://digitallibrary.un.org/record/280662?ln=en
588,https://digitallibrary.un.org/record/280990?ln=en
589,https://digitallibrary.un.org/record/280991?ln=en
590,https://digitallibrary.un.org/record/280992?ln=en
591,https://digitallibrary.un.org/record/280993?ln=en
592,https://digitallibrary.un.org/record/280994?ln=en
593,https://digitallibrary.un.org/record/280995?ln=en
594,https://digitallibrary.un.org/record/280996?ln=en
595,https://digitallibrary.un.org/record/280997?ln=en
596,https://digitallibrary.un.org/record/280998?ln=en
597,https://digitallibrary.un.org/record/280999?ln=en
598,https://digitallibrary.un.org/record/281000?ln=en
599,https://digitallibrary.un.org/record/281001?ln=en
600,https://digitallibrary.un.org/record/281139?ln=en
601,https://digitallibrary.un.org/record/281141?ln=en
602,https://digitallibrary.un.org/record/281142?ln=en
603,https://digitallibrary.un.org/record/281143?ln=en
604,https://digitallibrary.un.org/record/281144?ln=en
605,https://digitallibrary.un.org/record/281149?ln=en
606,https://digitallibrary.un.org/record/281150?ln=en
607,https://digitallibrary.un.org/record/281151?ln=en
608,https://digitallibrary.un.org/record/281152?ln=en
609,https://digitallibrary.un.org/record/281333?ln=en
610,https://digitallibrary.un.org/record/281334?ln=en
611,https://digitallibrary.un.org/record/281335?ln=en
612,https://digitallibrary.un.org/record/281338?ln=en
613,https://digitallibrary.un.org/record/281337?ln=en
614,https://digitallibrary.un.org/record/281340?ln=en
615,https://digitallibrary.un.org/record/281341?ln=en
616,https://digitallibrary.un.org/record/281342?ln=en
617,https://digitallibrary.un.org/record/281343?ln=en
618,https://digitallibrary.un.org/record/281344?ln=en
619,https://digitallibrary.un.org/record/281345?ln=en
620,https://digitallibrary.un.org/record/281346?ln=en
621,https://digitallibrary.un.org/record/281347?ln=en
622,https://digitallibrary.un.org/record/281358?ln=en
623,https://digitallibrary.un.org/record/281372?ln=en
624,https://digitallibrary.un.org/record/281384?ln=en
625,https://digitallibrary.un.org/record/281471?ln=en
626,https://digitallibrary.un.org/record/281483?ln=en
627,https://digitallibrary.un.org/record/281678?ln=en
628,https://digitallibrary.un.org/record/281679?ln=en
629,https://digitallibrary.un.org/record/281680?ln=en
630,https://digitallibrary.un.org/record/281681?ln=en
631,https://digitallibrary.un.org/record/281683?ln=en
632,https://digitallibrary.un.org/record/281682?ln=en
633,https://digitallibrary.un.org/record/281688?ln=en
634,https://digitallibrary.un.org/record/281689?ln=en
635,https://digitallibrary.un.org/record/281690?ln=en
636,https://digitallibrary.un.org/record/281691?ln=en
637,https://digitallibrary.un.org/record/281692?ln=en
638,https://digitallibrary.un.org/record/281693?ln=en
639,https://digitallibrary.un.org/record/281694?ln=en
640,https://digitallibrary.un.org/record/281695?ln=en
641,https://digitallibrary.un.org/record/281696?ln=en
642,https://digitallibrary.un.org/record/281701?ln=en
643,https://digitallibrary.un.org/record/281704?ln=en
644,https://digitallibrary.un.org/record/281705?ln=en
645,https://digitallibrary.un.org/record/282035?ln=en
646,https://digitallibrary.un.org/record/282036?ln=en
647,https://digitallibrary.un.org/record/282039?ln=en
648,https://digitallibrary.un.org/record/282044?ln=en
649,https://digitallibrary.un.org/record/282045?ln=en
650,https://digitallibrary.un.org/record/282046?ln=en
651,https://digitallibrary.un.org/record/282047?ln=en
652,https://digitallibrary.un.org/record/282048?ln=en
653,https://digitallibrary.un.org/record/282049?ln=en
654,https://digitallibrary.un.org/record/282050?ln=en
655,https://digitallibrary.un.org/record/282052?ln=en
656,https://digitallibrary.un.org/record/282063?ln=en
657,https://digitallibrary.un.org/record/282065?ln=en
658,https://digitallibrary.un.org/record/282066?ln=en
659,https://digitallibrary.un.org/record/282069?ln=en
660,https://digitallibrary.un.org/record/282068?ln=en
661,https://digitallibrary.un.org/record/282067?ln=en
662,https://digitallibrary.un.org/record/282070?ln=en
663,https://digitallibrary.un.org/record/282071?ln=en
664,https://digitallibrary.un.org/record/282072?ln=en
665,https://digitallibrary.un.org/record/282073?ln=en
666,https://digitallibrary.un.org/record/282074?ln=en
667,https://digitallibrary.un.org/record/282075?ln=en
668,https://digitallibrary.un.org/record/282076?ln=en
669,https://digitallibrary.un.org/record/282077?ln=en
670,https://digitallibrary.un.org/record/282078?ln=en
671,https://digitallibrary.un.org/record/282079?ln=en
672,https://digitallibrary.un.org/record/282080?ln=en
673,https://digitallibrary.un.org/record/282081?ln=en
674,https://digitallibrary.un.org/record/282082?ln=en
675,https://digitallibrary.un.org/record/282084?ln=en
676,https://digitallibrary.un.org/record/282098?ln=en
677,https://digitallibrary.un.org/record/282099?ln=en
678,https://digitallibrary.un.org/record/282100?ln=en
679,https://digitallibrary.un.org/record/282101?ln=en
680,https://digitallibrary.un.org/record/282166?ln=en
681,https://digitallibrary.un.org/record/282177?ln=en
682,https://digitallibrary.un.org/record/282180?ln=en
683,https://digitallibrary.un.org/record/282181?ln=en
684,https://digitallibrary.un.org/record/282429?ln=en
685,https://digitallibrary.un.org/record/282430?ln=en
686,https://digitallibrary.un.org/record/282431?ln=en
687,https://digitallibrary.un.org/record/282433?ln=en
688,https://digitallibrary.un.org/record/282432?ln=en
689,https://digitallibrary.un.org/record/282434?ln=en
690,https://digitallibrary.un.org/record/282435?ln=en
691,https://digitallibrary.un.org/record/282436?ln=en
692,https://digitallibrary.un.org/record/282437?ln=en
693,https://digitallibrary.un.org/record/282438?ln=en
694,https://digitallibrary.un.org/record/282439?ln=en
695,https://digitallibrary.un.org/record/282440?ln=en
696,https://digitallibrary.un.org/record/282441?ln=en
697,https://digitallibrary.un.org/record/282451?ln=en
698,https://digitallibrary.un.org/record/282452?ln=en
699,https://digitallibrary.un.org/record/282453?ln=en
700,https://digitallibrary.un.org/record/282454?ln=en
701,https://digitallibrary.un.org/record/282455?ln=en
702,https://digitallibrary.un.org/record/282458?ln=en
703,https://digitallibrary.un.org/record/282459?ln=en
704,https://digitallibrary.un.org/record/282460?ln=en
705,https://digitallibrary.un.org/record/282461?ln=en
706,https://digitallibrary.un.org/record/282462?ln=en
707,https://digitallibrary.un.org/record/282463?ln=en
708,https://digitallibrary.un.org/record/282465?ln=en
709,https://digitallibrary.un.org/record/282466?ln=en
710,https://digitallibrary.un.org/record/282467?ln=en
711,https://digitallibrary.un.org/record/282468?ln=en
712,https://digitallibrary.un.org/record/282469?ln=en
713,https://digitallibrary.un.org/record/282470?ln=en
714,https://digitallibrary.un.org/record/282471?ln=en
715,https://digitallibrary.un.org/record/282472?ln=en
716,https://digitallibrary.un.org/record/282473?ln=en
717,https://digitallibrary.un.org/record/282475?ln=en
718,https://digitallibrary.un.org/record/282477?ln=en
719,https://digitallibrary.un.org/record/282478?ln=en
720,https://digitallibrary.un.org/record/282480?ln=en
721,https://digitallibrary.un.org/record/282482?ln=en
722,https://digitallibrary.un.org/record/282483?ln=en
723,https://digitallibrary.un.org/record/282538?ln=en
724,https://digitallibrary.un.org/record/282539?ln=en
725,https://digitallibrary.un.org/record/282558?ln=en
726,https://digitallibrary.un.org/record/282766?ln=en
727,https://digitallibrary.un.org/record/282846?ln=en
728,https://digitallibrary.un.org/record/282845?ln=en
729,https://digitallibrary.un.org/record/282767?ln=en
730,https://digitallibrary.un.org/record/282768?ln=en
731,https://digitallibrary.un.org/record/282769?ln=en
732,https://digitallibrary.un.org/record/282770?ln=en
733,https://digitallibrary.un.org/record/282771?ln=en
734,https://digitallibrary.un.org/record/282772?ln=en
735,https://digitallibrary.un.org/record/282773?ln=en
736,https://digitallibrary.un.org/record/282774?ln=en
737,https://digitallibrary.un.org/record/282775?ln=en
738,https://digitallibrary.un.org/record/282776?ln=en
739,https://digitallibrary.un.org/record/282777?ln=en
740,https://digitallibrary.un.org/record/282778?ln=en
741,https://digitallibrary.un.org/record/282779?ln=en
742,https://digitallibrary.un.org/record/282780?ln=en
743,https://digitallibrary.un.org/record/282781?ln=en
744,https://digitallibrary.un.org/record/282782?ln=en
745,https://digitallibrary.un.org/record/282783?ln=en
746,https://digitallibrary.un.org/record/282784?ln=en
747,https://digitallibrary.un.org/record/282786?ln=en
748,https://digitallibrary.un.org/record/282785?ln=en
749,https://digitallibrary.un.org/record/282795?ln=en
750,https://digitallibrary.un.org/record/282787?ln=en
751,https://digitallibrary.un.org/record/282788?ln=en
752,https://digitallibrary.un.org/record/282789?ln=en
753,https://digitallibrary.un.org/record/282790?ln=en
754,https://digitallibrary.un.org/record/282791?ln=en
755,https://digitallibrary.un.org/record/282792?ln=en
756,https://digitallibrary.un.org/record/282793?ln=en
757,https://digitallibrary.un.org/record/282794?ln=en
758,https://digitallibrary.un.org/record/282796?ln=en
759,https://digitallibrary.un.org/record/282797?ln=en
760,https://digitallibrary.un.org/record/282798?ln=en
761,https://digitallibrary.un.org/record/282799?ln=en
762,https://digitallibrary.un.org/record/282800?ln=en
763,https://digitallibrary.un.org/record/282801?ln=en
764,https://digitallibrary.un.org/record/282802?ln=en
765,https://digitallibrary.un.org/record/282803?ln=en
766,https://digitallibrary.un.org/record/282804?ln=en
767,https://digitallibrary.un.org/record/282805?ln=en
768,https://digitallibrary.un.org/record/282806?ln=en
769,https://digitallibrary.un.org/record/282807?ln=en
770,https://digitallibrary.un.org/record/282808?ln=en
771,https://digitallibrary.un.org/record/282809?ln=en
772,https://digitallibrary.un.org/record/282810?ln=en
773,https://digitallibrary.un.org/record/282812?ln=en
774,https://digitallibrary.un.org/record/282813?ln=en
775,https://digitallibrary.un.org/record/282814?ln=en
776,https://digitallibrary.un.org/record/282815?ln=en
777,https://digitallibrary.un.org/record/282816?ln=en
778,https://digitallibrary.un.org/record/282818?ln=en
779,https://digitallibrary.un.org/record/282819?ln=en
780,https://digitallibrary.un.org/record/282820?ln=en
781,https://digitallibrary.un.org/record/282821?ln=en
782,https://digitallibrary.un.org/record/282822?ln=en
783,https://digitallibrary.un.org/record/282823?ln=en
784,https://digitallibrary.un.org/record/282827?ln=en
785,https://digitallibrary.un.org/record/282828?ln=en
786,https://digitallibrary.un.org/record/282829?ln=en
787,https://digitallibrary.un.org/record/282833?ln=en
788,https://digitallibrary.un.org/record/282834?ln=en
789,https://digitallibrary.un.org/record/282839?ln=en
790,https://digitallibrary.un.org/record/282840?ln=en
791,https://digitallibrary.un.org/record/282841?ln=en
792,https://digitallibrary.un.org/record/282842?ln=en
793,https://digitallibrary.un.org/record/282843?ln=en
794,https://digitallibrary.un.org/record/282844?ln=en
795,https://digitallibrary.un.org/record/282889?ln=en
796,https://digitallibrary.un.org/record/282907?ln=en
797,https://digitallibrary.un.org/record/282908?ln=en
798,https://digitallibrary.un.org/record/282912?ln=en
799,https://digitallibrary.un.org/record/282913?ln=en
800,https://digitallibrary.un.org/record/282914?ln=en
801,https://digitallibrary.un.org/record/282915?ln=en
802,https://digitallibrary.un.org/record/282916?ln=en
803,https://digitallibrary.un.org/record/282917?ln=en
804,https://digitallibrary.un.org/record/282918?ln=en
805,https://digitallibrary.un.org/record/282919?ln=en
806,https://digitallibrary.un.org/record/282920?ln=en
807,https://digitallibrary.un.org/record/282921?ln=en
808,https://digitallibrary.un.org/record/282922?ln=en
809,https://digitallibrary.un.org/record/282923?ln=en
810,https://digitallibrary.un.org/record/282924?ln=en
811,https://digitallibrary.un.org/record/282926?ln=en
812,https://digitallibrary.un.org/record/282927?ln=en
813,https://digitallibrary.un.org/record/282925?ln=en
814,https://digitallibrary.un.org/record/282930?ln=en
815,https://digitallibrary.un.org/record/282928?ln=en
816,https://digitallibrary.un.org/record/282929?ln=en
817,https://digitallibrary.un.org/record/282931?ln=en
818,https://digitallibrary.un.org/record/282932?ln=en
819,https://digitallibrary.un.org/record/282933?ln=en
820,https://digitallibrary.un.org/record/282934?ln=en
821,https://digitallibrary.un.org/record/282947?ln=en
822,https://digitallibrary.un.org/record/282998?ln=en
823,https://digitallibrary.un.org/record/282999?ln=en
824,https://digitallibrary.un.org/record/283037?ln=en
825,https://digitallibrary.un.org/record/283058?ln=en
826,https://digitallibrary.un.org/record/283117?ln=en
827,https://digitallibrary.un.org/record/283118?ln=en
828,https://digitallibrary.un.org/record/283120?ln=en
829,https://digitallibrary.un.org/record/283121?ln=en
830,https://digitallibrary.un.org/record/283122?ln=en
831,https://digitallibrary.un.org/record/283125?ln=en
832,https://digitallibrary.un.org/record/283126?ln=en
833,https://digitallibrary.un.org/record/283129?ln=en
834,https://digitallibrary.un.org/record/283123?ln=en
835,https://digitallibrary.un.org/record/283124?ln=en
836,https://digitallibrary.un.org/record/283130?ln=en
837,https://digitallibrary.un.org/record/283131?ln=en
838,https://digitallibrary.un.org/record/283132?ln=en
839,https://digitallibrary.un.org/record/283133?ln=en
840,https://digitallibrary.un.org/record/283134?ln=en
841,https://digitallibrary.un.org/record/283135?ln=en
842,https://digitallibrary.un.org/record/283161?ln=en
843,https://digitallibrary.un.org/record/283162?ln=en
844,https://digitallibrary.un.org/record/283163?ln=en
845,https://digitallibrary.un.org/record/283164?ln=en
846,https://digitallibrary.un.org/record/283165?ln=en
847,https://digitallibrary.un.org/record/283168?ln=en
848,https://digitallibrary.un.org/record/283215?ln=en
849,https://digitallibrary.un.org/record/283169?ln=en
850,https://digitallibrary.un.org/record/283170?ln=en
851,https://digitallibrary.un.org/record/283171?ln=en
852,https://digitallibrary.un.org/record/283180?ln=en
853,https://digitallibrary.un.org/record/283181?ln=en
854,https://digitallibrary.un.org/record/283204?ln=en
855,https://digitallibrary.un.org/record/283205?ln=en
856,https://digitallibrary.un.org/record/283206?ln=en
857,https://digitallibrary.un.org/record/283207?ln=en
858,https://digitallibrary.un.org/record/283208?ln=en
859,https://digitallibrary.un.org/record/283209?ln=en
860,https://digitallibrary.un.org/record/283211?ln=en
861,https://digitallibrary.un.org/record/283212?ln=en
862,https://digitallibrary.un.org/record/283213?ln=en
863,https://digitallibrary.un.org/record/283214?ln=en
864,https://digitallibrary.un.org/record/283216?ln=en
865,https://digitallibrary.un.org/record/283217?ln=en
866,https://digitallibrary.un.org/record/283218?ln=en
867,https://digitallibrary.un.org/record/283219?ln=en
868,https://digitallibrary.un.org/record/283220?ln=en
869,https://digitallibrary.un.org/record/283221?ln=en
870,https://digitallibrary.un.org/record/283222?ln=en
871,https://digitallibrary.un.org/record/283223?ln=en
872,https://digitallibrary.un.org/record/283224?ln=en
873,https://digitallibrary.un.org/record/283225?ln=en
874,https://digitallibrary.un.org/record/283226?ln=en
875,https://digitallibrary.un.org/record/283227?ln=en
876,https://digitallibrary.un.org/record/283228?ln=en
877,https://digitallibrary.un.org/record/283241?ln=en
878,https://digitallibrary.un.org/record/283236?ln=en
879,https://digitallibrary.un.org/record/283237?ln=en
880,https://digitallibrary.un.org/record/283238?ln=en
881,https://digitallibrary.un.org/record/283239?ln=en
882,https://digitallibrary.un.org/record/283240?ln=en
883,https://digitallibrary.un.org/record/283242?ln=en
884,https://digitallibrary.un.org/record/283243?ln=en
885,https://digitallibrary.un.org/record/283244?ln=en
886,https://digitallibrary.un.org/record/283245?ln=en
887,https://digitallibrary.un.org/record/283267?ln=en
888,https://digitallibrary.un.org/record/283268?ln=en
889,https://digitallibrary.un.org/record/283313?ln=en
890,https://digitallibrary.un.org/record/283314?ln=en
891,https://digitallibrary.un.org/record/283334?ln=en
892,https://digitallibrary.un.org/record/283335?ln=en
893,https://digitallibrary.un.org/record/283336?ln=en
894,https://digitallibrary.un.org/record/283337?ln=en
895,https://digitallibrary.un.org/record/283338?ln=en
896,https://digitallibrary.un.org/record/283339?ln=en
897,https://digitallibrary.un.org/record/283340?ln=en
898,https://digitallibrary.un.org/record/283341?ln=en
899,https://digitallibrary.un.org/record/283344?ln=en
900,https://digitallibrary.un.org/record/283343?ln=en
901,https://digitallibrary.un.org/record/283342?ln=en
902,https://digitallibrary.un.org/record/283345?ln=en
903,https://digitallibrary.un.org/record/283346?ln=en
904,https://digitallibrary.un.org/record/283347?ln=en
905,https://digitallibrary.un.org/record/283348?ln=en
906,https://digitallibrary.un.org/record/283349?ln=en
907,https://digitallibrary.un.org/record/283350?ln=en
908,https://digitallibrary.un.org/record/283351?ln=en
909,https://digitallibrary.un.org/record/283352?ln=en
910,https://digitallibrary.un.org/record/283353?ln=en
911,https://digitallibrary.un.org/record/283535?ln=en
912,https://digitallibrary.un.org/record/283536?ln=en
913,https://digitallibrary.un.org/record/283537?ln=en
914,https://digitallibrary.un.org/record/283538?ln=en
915,https://digitallibrary.un.org/record/283542?ln=en
916,https://digitallibrary.un.org/record/283543?ln=en
917,https://digitallibrary.un.org/record/283544?ln=en
918,https://digitallibrary.un.org/record/283545?ln=en
919,https://digitallibrary.un.org/record/283546?ln=en
920,https://digitallibrary.un.org/record/283547?ln=en
921,https://digitallibrary.un.org/record/283548?ln=en
922,https://digitallibrary.un.org/record/283549?ln=en
923,https://digitallibrary.un.org/record/283550?ln=en
924,https://digitallibrary.un.org/record/283551?ln=en
925,https://digitallibrary.un.org/record/283552?ln=en
926,https://digitallibrary.un.org/record/283553?ln=en
927,https://digitallibrary.un.org/record/283554?ln=en
928,https://digitallibrary.un.org/record/283555?ln=en
929,https://digitallibrary.un.org/record/283557?ln=en
930,https://digitallibrary.un.org/record/283558?ln=en
931,https://digitallibrary.un.org/record/283559?ln=en
932,https://digitallibrary.un.org/record/283560?ln=en
933,https://digitallibrary.un.org/record/283561?ln=en
934,https://digitallibrary.un.org/record/283562?ln=en
935,https://digitallibrary.un.org/record/283563?ln=en
936,https://digitallibrary.un.org/record/283564?ln=en
937,https://digitallibrary.un.org/record/283565?ln=en
938,https://digitallibrary.un.org/record/283567?ln=en
939,https://digitallibrary.un.org/record/283568?ln=en
940,https://digitallibrary.un.org/record/283572?ln=en
941,https://digitallibrary.un.org/record/283573?ln=en
942,https://digitallibrary.un.org/record/283574?ln=en
943,https://digitallibrary.un.org/record/283575?ln=en
944,https://digitallibrary.un.org/record/283576?ln=en
945,https://digitallibrary.un.org/record/283577?ln=en
946,https://digitallibrary.un.org/record/283578?ln=en
947,https://digitallibrary.un.org/record/283579?ln=en
948,https://digitallibrary.un.org/record/283581?ln=en
949,https://digitallibrary.un.org/record/283580?ln=en
950,https://digitallibrary.un.org/record/283582?ln=en
951,https://digitallibrary.un.org/record/283583?ln=en
952,https://digitallibrary.un.org/record/283586?ln=en
953,https://digitallibrary.un.org/record/283585?ln=en
954,https://digitallibrary.un.org/record/283595?ln=en
955,https://digitallibrary.un.org/record/283589?ln=en
956,https://digitallibrary.un.org/record/283590?ln=en
957,https://digitallibrary.un.org/record/283591?ln=en
958,https://digitallibrary.un.org/record/283670?ln=en
959,https://digitallibrary.un.org/record/283593?ln=en
960,https://digitallibrary.un.org/record/283592?ln=en
961,https://digitallibrary.un.org/record/283596?ln=en
962,https://digitallibrary.un.org/record/283597?ln=en
963,https://digitallibrary.un.org/record/283598?ln=en
964,https://digitallibrary.un.org/record/283599?ln=en
965,https://digitallibrary.un.org/record/283600?ln=en
966,https://digitallibrary.un.org/record/283603?ln=en
967,https://digitallibrary.un.org/record/283684?ln=en
968,https://digitallibrary.un.org/record/283685?ln=en
969,https://digitallibrary.un.org/record/283686?ln=en
970,https://digitallibrary.un.org/record/283900?ln=en
971,https://digitallibrary.un.org/record/283901?ln=en
972,https://digitallibrary.un.org/record/283902?ln=en
973,https://digitallibrary.un.org/record/283903?ln=en
974,https://digitallibrary.un.org/record/283904?ln=en
975,https://digitallibrary.un.org/record/283905?ln=en
976,https://digitallibrary.un.org/record/283906?ln=en
977,https://digitallibrary.un.org/record/283907?ln=en
978,https://digitallibrary.un.org/record/283908?ln=en
979,https://digitallibrary.un.org/record/283909?ln=en
980,https://digitallibrary.un.org/record/283916?ln=en
981,https://digitallibrary.un.org/record/283910?ln=en
982,https://digitallibrary.un.org/record/283911?ln=en
983,https://digitallibrary.un.org/record/283912?ln=en
984,https://digitallibrary.un.org/record/283913?ln=en
985,https://digitallibrary.un.org/record/283914?ln=en
986,https://digitallibrary.un.org/record/283915?ln=en
987,https://digitallibrary.un.org/record/283918?ln=en
988,https://digitallibrary.un.org/record/283919?ln=en
989,https://digitallibrary.un.org/record/283920?ln=en
990,https://digitallibrary.un.org/record/283923?ln=en
991,https://digitallibrary.un.org/record/283924?ln=en
992,https://digitallibrary.un.org/record/283931?ln=en
993,https://digitallibrary.un.org/record/283932?ln=en
994,https://digitallibrary.un.org/record/283933?ln=en
995,https://digitallibrary.un.org/record/283958?ln=en
996,https://digitallibrary.un.org/record/283959?ln=en
997,https://digitallibrary.un.org/record/283962?ln=en
998,https://digitallibrary.un.org/record/283963?ln=en
999,https://digitallibrary.un.org/record/283964?ln=en
1000,https://digitallibrary.un.org/record/283965?ln=en
